name,birth_date,death_date,description,occupation,nationality,gender
Anna Akhmatova,1889-06-23T00:00:00Z,1966-03-05T00:00:00Z,Russian poet (1889–1966),writer,Soviet Union,female
Anna Akhmatova,1889-06-23T00:00:00Z,1966-03-05T00:00:00Z,Russian poet (1889–1966),poet,Soviet Union,female
Anna Akhmatova,1889-06-23T00:00:00Z,1966-03-05T00:00:00Z,Russian poet (1889–1966),translator,Soviet Union,female
Anna Akhmatova,1889-06-23T00:00:00Z,1966-03-05T00:00:00Z,Russian poet (1889–1966),literary critic,Soviet Union,female
Anna Akhmatova,1889-06-23T00:00:00Z,1966-03-05T00:00:00Z,Russian poet (1889–1966),literary scholar,Soviet Union,female
Anna Akhmatova,1889-06-23T00:00:00Z,1966-03-05T00:00:00Z,Russian poet (1889–1966),writer,Russian Empire,female
Anna Akhmatova,1889-06-23T00:00:00Z,1966-03-05T00:00:00Z,Russian poet (1889–1966),poet,Russian Empire,female
Anna Akhmatova,1889-06-23T00:00:00Z,1966-03-05T00:00:00Z,Russian poet (1889–1966),translator,Russian Empire,female
Anna Akhmatova,1889-06-23T00:00:00Z,1966-03-05T00:00:00Z,Russian poet (1889–1966),literary critic,Russian Empire,female
Anna Akhmatova,1889-06-23T00:00:00Z,1966-03-05T00:00:00Z,Russian poet (1889–1966),literary scholar,Russian Empire,female
Alice Munro,1931-07-10T00:00:00Z,2024-05-13T00:00:00Z,Canadian writer (1931–2024),screenwriter,Canada,female
Alice Munro,1931-07-10T00:00:00Z,2024-05-13T00:00:00Z,Canadian writer (1931–2024),writer,Canada,female
Alice Munro,1931-07-10T00:00:00Z,2024-05-13T00:00:00Z,Canadian writer (1931–2024),journalist,Canada,female
Alice Munro,1931-07-10T00:00:00Z,2024-05-13T00:00:00Z,Canadian writer (1931–2024),novelist,Canada,female
Alice Munro,1931-07-10T00:00:00Z,2024-05-13T00:00:00Z,Canadian writer (1931–2024),short story writer,Canada,female
Alfonsina Storni,1892-05-29T00:00:00Z,1938-10-25T00:00:00Z,Argentine writer,writer,Argentina,female
Alfonsina Storni,1892-05-29T00:00:00Z,1938-10-25T00:00:00Z,Argentine writer,teacher,Argentina,female
Alfonsina Storni,1892-05-29T00:00:00Z,1938-10-25T00:00:00Z,Argentine writer,poet,Argentina,female
Alfonsina Storni,1892-05-29T00:00:00Z,1938-10-25T00:00:00Z,Argentine writer,journalist,Argentina,female
Alfonsina Storni,1892-05-29T00:00:00Z,1938-10-25T00:00:00Z,Argentine writer,sociologist,Argentina,female
Alfonsina Storni,1892-05-29T00:00:00Z,1938-10-25T00:00:00Z,Argentine writer,diarist,Argentina,female
Amanda Labarca,1886-12-05T00:00:00Z,1975-01-02T00:00:00Z,"Chilean diplomat, educator, writer, and feminist (1886-1975)",writer,Chile,female
Amanda Labarca,1886-12-05T00:00:00Z,1975-01-02T00:00:00Z,"Chilean diplomat, educator, writer, and feminist (1886-1975)",politician,Chile,female
Amanda Labarca,1886-12-05T00:00:00Z,1975-01-02T00:00:00Z,"Chilean diplomat, educator, writer, and feminist (1886-1975)",professor,Chile,female
Amanda Labarca,1886-12-05T00:00:00Z,1975-01-02T00:00:00Z,"Chilean diplomat, educator, writer, and feminist (1886-1975)",diplomat,Chile,female
Amanda Labarca,1886-12-05T00:00:00Z,1975-01-02T00:00:00Z,"Chilean diplomat, educator, writer, and feminist (1886-1975)",suffragette,Chile,female
Amanda Labarca,1886-12-05T00:00:00Z,1975-01-02T00:00:00Z,"Chilean diplomat, educator, writer, and feminist (1886-1975)",pedagogue,Chile,female
Amanda Labarca,1886-12-05T00:00:00Z,1975-01-02T00:00:00Z,"Chilean diplomat, educator, writer, and feminist (1886-1975)",women's rights activist,Chile,female
Alejandra Costamagna,1970-03-23T00:00:00Z,,Chilean journalist and author,writer,Chile,female
Alejandra Costamagna,1970-03-23T00:00:00Z,,Chilean journalist and author,journalist,Chile,female
Annie Ernaux,1940-09-01T00:00:00Z,,French writer (born 1940),writer,France,female
Annie Ernaux,1940-09-01T00:00:00Z,,French writer (born 1940),teacher,France,female
Annie Ernaux,1940-09-01T00:00:00Z,,French writer (born 1940),film director,France,female
Alicia Morel,1921-07-26T00:00:00Z,2017-03-01T00:00:00Z,Chilean writer (1921-2017),writer,Chile,female
Alicia Morel,1921-01-01T00:00:00Z,2017-03-01T00:00:00Z,Chilean writer (1921-2017),writer,Chile,female
Alicia Morel,1921-07-26T00:00:00Z,2017-03-01T00:00:00Z,Chilean writer (1921-2017),poet,Chile,female
Alicia Morel,1921-01-01T00:00:00Z,2017-03-01T00:00:00Z,Chilean writer (1921-2017),poet,Chile,female
Andrea Thome,,,Chilean and Costa Rican playwright,,,female
Aline Pettersson,1938-05-11T00:00:00Z,,Mexican novelist and poet,writer,Mexico,female
Aline Pettersson,1938-05-11T00:00:00Z,,Mexican novelist and poet,poet,Mexico,female
Aline Pettersson,1938-05-11T00:00:00Z,,Mexican novelist and poet,narrator,Mexico,female
Berta Singerman,1901-09-09T00:00:00Z,1998-12-10T00:00:00Z,Argentinian actor (1901-1998),actor,Argentina,female
Camila Moreno,1985-07-08T00:00:00Z,,Chilean rock and folk singer-songwriter,composer,Chile,female
Camila Moreno,1985-07-08T00:00:00Z,,Chilean rock and folk singer-songwriter,singer,Chile,female
Camila Moreno,1985-07-08T00:00:00Z,,Chilean rock and folk singer-songwriter,singer-songwriter,Chile,female
Carmen Conde,1907-08-15T00:00:00Z,1996-01-08T00:00:00Z,"Spanish poet, novelist, literary critic (1907–1996)",writer,Spain,female
Carmen Conde,1907-08-15T00:00:00Z,1996-01-08T00:00:00Z,"Spanish poet, novelist, literary critic (1907–1996)",teacher,Spain,female
Carmen Conde,1907-08-15T00:00:00Z,1996-01-08T00:00:00Z,"Spanish poet, novelist, literary critic (1907–1996)",poet,Spain,female
Carmen Conde,1907-08-15T00:00:00Z,1996-01-08T00:00:00Z,"Spanish poet, novelist, literary critic (1907–1996)",literary critic,Spain,female
Carmen Conde,,2024-01-01T00:00:00Z,Spanish lawyer,lawyer,Spain,female
Carmen Conde,,2024-01-01T00:00:00Z,Spanish lawyer,dean,Spain,female
Carilda Oliver Labra,1922-07-06T00:00:00Z,2018-08-29T00:00:00Z,Cuban poet (1922-2018),writer,Cuba,female
Carilda Oliver Labra,1922-07-06T00:00:00Z,2018-08-29T00:00:00Z,Cuban poet (1922-2018),lawyer,Cuba,female
Carilda Oliver Labra,1922-07-06T00:00:00Z,2018-08-29T00:00:00Z,Cuban poet (1922-2018),poet,Cuba,female
Carilda Oliver Labra,1922-07-06T00:00:00Z,2018-08-29T00:00:00Z,Cuban poet (1922-2018),painter,Cuba,female
Carilda Oliver Labra,1922-07-06T00:00:00Z,2018-08-29T00:00:00Z,Cuban poet (1922-2018),sculptor,Cuba,female
Carmen Gloria Valladares,1954-01-01T00:00:00Z,,Chilean lawyer,lawyer,Chile,female
Cecilia Domeyko,,,chilean-American filmmaker and writer,screenwriter,,female
Cecilia Domeyko,,,chilean-American filmmaker and writer,writer,,female
Cecilia Domeyko,,,chilean-American filmmaker and writer,journalist,,female
Cecilia Domeyko,,,chilean-American filmmaker and writer,television director,,female
Cecilia Domeyko,,,chilean-American filmmaker and writer,film director,,female
Cecilia Domeyko,,,chilean-American filmmaker and writer,film producer,,female
Cecilia Domeyko,,,chilean-American filmmaker and writer,novelist,,female
Camila Quiroga,1891-03-19T00:00:00Z,1948-02-28T00:00:00Z,actress (1891-1948),actor,Argentina,female
Doris Lessing,1919-10-22T00:00:00Z,2013-11-17T00:00:00Z,"British novelist, poet, playwright, librettist, biographer, and short story writer",screenwriter,United Kingdom,female
Doris Lessing,1919-10-22T00:00:00Z,2013-11-17T00:00:00Z,"British novelist, poet, playwright, librettist, biographer, and short story writer",writer,United Kingdom,female
Doris Lessing,1919-10-22T00:00:00Z,2013-11-17T00:00:00Z,"British novelist, poet, playwright, librettist, biographer, and short story writer",poet,United Kingdom,female
Doris Lessing,1919-10-22T00:00:00Z,2013-11-17T00:00:00Z,"British novelist, poet, playwright, librettist, biographer, and short story writer",playwright,United Kingdom,female
Doris Lessing,1919-10-22T00:00:00Z,2013-11-17T00:00:00Z,"British novelist, poet, playwright, librettist, biographer, and short story writer",novelist,United Kingdom,female
Doris Lessing,1919-10-22T00:00:00Z,2013-11-17T00:00:00Z,"British novelist, poet, playwright, librettist, biographer, and short story writer",essayist,United Kingdom,female
Doris Lessing,1919-10-22T00:00:00Z,2013-11-17T00:00:00Z,"British novelist, poet, playwright, librettist, biographer, and short story writer",prose writer,United Kingdom,female
Doris Lessing,1919-10-22T00:00:00Z,2013-11-17T00:00:00Z,"British novelist, poet, playwright, librettist, biographer, and short story writer",autobiographer,United Kingdom,female
Doris Lessing,1919-10-22T00:00:00Z,2013-11-17T00:00:00Z,"British novelist, poet, playwright, librettist, biographer, and short story writer",science fiction writer,United Kingdom,female
Doris Lessing,1919-10-22T00:00:00Z,2013-11-17T00:00:00Z,"British novelist, poet, playwright, librettist, biographer, and short story writer",screenwriter,United Kingdom of Great Britain and Ireland,female
Doris Lessing,1919-10-22T00:00:00Z,2013-11-17T00:00:00Z,"British novelist, poet, playwright, librettist, biographer, and short story writer",writer,United Kingdom of Great Britain and Ireland,female
Doris Lessing,1919-10-22T00:00:00Z,2013-11-17T00:00:00Z,"British novelist, poet, playwright, librettist, biographer, and short story writer",poet,United Kingdom of Great Britain and Ireland,female
Doris Lessing,1919-10-22T00:00:00Z,2013-11-17T00:00:00Z,"British novelist, poet, playwright, librettist, biographer, and short story writer",playwright,United Kingdom of Great Britain and Ireland,female
Doris Lessing,1919-10-22T00:00:00Z,2013-11-17T00:00:00Z,"British novelist, poet, playwright, librettist, biographer, and short story writer",novelist,United Kingdom of Great Britain and Ireland,female
Doris Lessing,1919-10-22T00:00:00Z,2013-11-17T00:00:00Z,"British novelist, poet, playwright, librettist, biographer, and short story writer",essayist,United Kingdom of Great Britain and Ireland,female
Doris Lessing,1919-10-22T00:00:00Z,2013-11-17T00:00:00Z,"British novelist, poet, playwright, librettist, biographer, and short story writer",prose writer,United Kingdom of Great Britain and Ireland,female
Doris Lessing,1919-10-22T00:00:00Z,2013-11-17T00:00:00Z,"British novelist, poet, playwright, librettist, biographer, and short story writer",autobiographer,United Kingdom of Great Britain and Ireland,female
Doris Lessing,1919-10-22T00:00:00Z,2013-11-17T00:00:00Z,"British novelist, poet, playwright, librettist, biographer, and short story writer",science fiction writer,United Kingdom of Great Britain and Ireland,female
Delmira Agustini,1886-10-24T00:00:00Z,1914-07-06T00:00:00Z,Uruguayan writer,writer,Uruguay,female
Delmira Agustini,1886-10-24T00:00:00Z,1914-07-06T00:00:00Z,Uruguayan writer,poet,Uruguay,female
China Zorrilla,1922-03-14T00:00:00Z,2014-09-17T00:00:00Z,Uruguayan actress (1922–2014),actor,Uruguay,female
China Zorrilla,1922-03-14T00:00:00Z,2014-09-17T00:00:00Z,Uruguayan actress (1922–2014),stage actor,Uruguay,female
China Zorrilla,1922-03-14T00:00:00Z,2014-09-17T00:00:00Z,Uruguayan actress (1922–2014),film actor,Uruguay,female
Cora Coralina,1889-08-20T00:00:00Z,1985-04-10T00:00:00Z,Brazilian writer and poet (1889–1985),writer,Brazil,female
Cora Coralina,1889-08-20T00:00:00Z,1985-04-10T00:00:00Z,Brazilian writer and poet (1889–1985),poet,Brazil,female
Cora Coralina,1889-08-20T00:00:00Z,1985-04-10T00:00:00Z,Brazilian writer and poet (1889–1985),sociologist,Brazil,female
Cora Coralina,1889-08-20T00:00:00Z,1985-04-10T00:00:00Z,Brazilian writer and poet (1889–1985),children's writer,Brazil,female
Diamela Eltit,1947-08-24T00:00:00Z,,Chilean writer,writer,Chile,female
Diamela Eltit,1947-08-24T00:00:00Z,,Chilean writer,teacher,Chile,female
Diamela Eltit,1947-08-24T00:00:00Z,,Chilean writer,artist,Chile,female
Diamela Eltit,1947-08-24T00:00:00Z,,Chilean writer,university teacher,Chile,female
Diamela Eltit,1947-08-24T00:00:00Z,,Chilean writer,video artist,Chile,female
Doris Dana,1920-01-01T00:00:00Z,2006-11-28T00:00:00Z,American writer,writer,United States,female
Doris Dana,1920-01-01T00:00:00Z,2006-11-28T00:00:00Z,American writer,translator,United States,female
Concha Zardoya,1914-11-14T00:00:00Z,2004-04-21T00:00:00Z,Chilean poet and literary critic,writer,Chile,female
Concha Zardoya,1914-11-14T00:00:00Z,2004-04-21T00:00:00Z,Chilean poet and literary critic,poet,Chile,female
Concha Zardoya,1914-11-14T00:00:00Z,2004-04-21T00:00:00Z,Chilean poet and literary critic,university teacher,Chile,female
Concha Zardoya,1914-11-14T00:00:00Z,2004-04-21T00:00:00Z,Chilean poet and literary critic,literary critic,Chile,female
Concha Zardoya,1914-11-14T00:00:00Z,2004-04-21T00:00:00Z,Chilean poet and literary critic,children's writer,Chile,female
Concha Zardoya,1914-11-14T00:00:00Z,2004-04-21T00:00:00Z,Chilean poet and literary critic,essayist,Chile,female
Concha Zardoya,1914-11-14T00:00:00Z,2004-04-21T00:00:00Z,Chilean poet and literary critic,seamstress,Chile,female
Eleanor Roosevelt,1884-10-11T00:00:00Z,1962-11-07T00:00:00Z,First Lady of the United States from 1933 to 1945,writer,United States,female
Eleanor Roosevelt,1884-10-11T00:00:00Z,1962-11-07T00:00:00Z,First Lady of the United States from 1933 to 1945,politician,United States,female
Eleanor Roosevelt,1884-10-11T00:00:00Z,1962-11-07T00:00:00Z,First Lady of the United States from 1933 to 1945,diplomat,United States,female
Eleanor Roosevelt,1884-10-11T00:00:00Z,1962-11-07T00:00:00Z,First Lady of the United States from 1933 to 1945,columnist,United States,female
Eleanor Roosevelt,1884-10-11T00:00:00Z,1962-11-07T00:00:00Z,First Lady of the United States from 1933 to 1945,human rights activist,United States,female
Eleanor Roosevelt,1884-10-11T00:00:00Z,1962-11-07T00:00:00Z,First Lady of the United States from 1933 to 1945,journalist,United States,female
Eleanor Roosevelt,1884-10-11T00:00:00Z,1962-11-07T00:00:00Z,First Lady of the United States from 1933 to 1945,peace activist,United States,female
Eleanor Roosevelt,1884-10-11T00:00:00Z,1962-11-07T00:00:00Z,First Lady of the United States from 1933 to 1945,autobiographer,United States,female
Eleanor Roosevelt,1884-10-11T00:00:00Z,1962-11-07T00:00:00Z,First Lady of the United States from 1933 to 1945,women's rights activist,United States,female
Elfriede Jelinek,1946-10-20T00:00:00Z,,Austrian writer,screenwriter,Austria,female
Elfriede Jelinek,1946-10-20T00:00:00Z,,Austrian writer,writer,Austria,female
Elfriede Jelinek,1946-10-20T00:00:00Z,,Austrian writer,poet,Austria,female
Elfriede Jelinek,1946-10-20T00:00:00Z,,Austrian writer,playwright,Austria,female
Elfriede Jelinek,1946-10-20T00:00:00Z,,Austrian writer,translator,Austria,female
Elfriede Jelinek,1946-10-20T00:00:00Z,,Austrian writer,literary critic,Austria,female
Elfriede Jelinek,1946-10-20T00:00:00Z,,Austrian writer,novelist,Austria,female
Elfriede Jelinek,1946-10-20T00:00:00Z,,Austrian writer,librettist,Austria,female
Ewa Demarczyk,1941-01-16T00:00:00Z,2020-08-14T00:00:00Z,"Polish singer, actress (1941–2020)",actor,Poland,female
Ewa Demarczyk,1941-01-16T00:00:00Z,2020-08-14T00:00:00Z,"Polish singer, actress (1941–2020)",singer,Poland,female
Ewa Demarczyk,1941-01-16T00:00:00Z,2020-08-14T00:00:00Z,"Polish singer, actress (1941–2020)",singer-songwriter,Poland,female
Ewa Demarczyk,1941-01-16T00:00:00Z,2020-08-14T00:00:00Z,"Polish singer, actress (1941–2020)",recording artist,Poland,female
Gabriela Mistral,1889-04-07T00:00:00Z,1957-01-10T00:00:00Z,"Chilean poet, diplomat and educator (1889–1957)",writer,Chile,female
Gabriela Mistral,1889-04-07T00:00:00Z,1957-01-10T00:00:00Z,"Chilean poet, diplomat and educator (1889–1957)",teacher,Chile,female
Gabriela Mistral,1889-04-07T00:00:00Z,1957-01-10T00:00:00Z,"Chilean poet, diplomat and educator (1889–1957)",poet,Chile,female
Gabriela Mistral,1889-04-07T00:00:00Z,1957-01-10T00:00:00Z,"Chilean poet, diplomat and educator (1889–1957)",diplomat,Chile,female
Forugh Farrokhzad,1935-01-05T00:00:00Z,1967-02-13T00:00:00Z,Iranian poet (1935-1967),actor,Pahlavi Iran,female
Forugh Farrokhzad,1935-01-05T00:00:00Z,1967-02-13T00:00:00Z,Iranian poet (1935-1967),poet,Pahlavi Iran,female
Forugh Farrokhzad,1935-01-05T00:00:00Z,1967-02-13T00:00:00Z,Iranian poet (1935-1967),film director,Pahlavi Iran,female
Emma Godoy,1918-03-25T00:00:00Z,1989-07-30T00:00:00Z,Mexican writer (1918-1988),writer,Mexico,female
Emma Godoy,1918-03-25T00:00:00Z,1989-07-30T00:00:00Z,Mexican writer (1918-1988),poet,Mexico,female
Emma Godoy,1918-03-25T00:00:00Z,1989-07-30T00:00:00Z,Mexican writer (1918-1988),psychologist,Mexico,female
Emma Godoy,1918-03-25T00:00:00Z,1989-07-30T00:00:00Z,Mexican writer (1918-1988),announcer,Mexico,female
Emma Godoy,1918-03-25T00:00:00Z,1989-07-30T00:00:00Z,Mexican writer (1918-1988),philosopher,Mexico,female
Emma Godoy,1918-03-25T00:00:00Z,1989-07-30T00:00:00Z,Mexican writer (1918-1988),novelist,Mexico,female
Emma Godoy,1918-03-25T00:00:00Z,1989-07-30T00:00:00Z,Mexican writer (1918-1988),short story writer,Mexico,female
Emma Godoy,1918-03-25T00:00:00Z,1989-07-30T00:00:00Z,Mexican writer (1918-1988),psychopedagogue,Mexico,female
Francese Litchfield Turnbull,1844-05-23T00:00:00Z,1927-02-28T00:00:00Z,writer,writer,,female
Eleanor Roosevelt,,,Franklin D. Roosevelt as depicted in television series Atlantic Crossing,,,female
Grazia Deledda,1871-09-27T00:00:00Z,1936-08-15T00:00:00Z,Italian novelist (1871-1936),writer,Kingdom of Italy,female
Grazia Deledda,1871-09-27T00:00:00Z,1936-08-15T00:00:00Z,Italian novelist (1871-1936),poet,Kingdom of Italy,female
Grazia Deledda,1871-09-27T00:00:00Z,1936-08-15T00:00:00Z,Italian novelist (1871-1936),playwright,Kingdom of Italy,female
Grazia Deledda,1871-09-27T00:00:00Z,1936-08-15T00:00:00Z,Italian novelist (1871-1936),novelist,Kingdom of Italy,female
Grazia Deledda,1871-09-27T00:00:00Z,1936-08-15T00:00:00Z,Italian novelist (1871-1936),prose writer,Kingdom of Italy,female
Grazia Deledda,1871-09-27T00:00:00Z,1936-08-15T00:00:00Z,Italian novelist (1871-1936),short story writer,Kingdom of Italy,female
Gladys Triana,1937-11-17T00:00:00Z,,artist,painter,United States,female
Gladys Triana,1934-01-01T00:00:00Z,,artist,painter,United States,female
Gladys Triana,1937-11-17T00:00:00Z,,artist,visual artist,United States,female
Gladys Triana,1934-01-01T00:00:00Z,,artist,visual artist,United States,female
Gladys Triana,1937-11-17T00:00:00Z,,artist,painter,Cuba,female
Gladys Triana,1934-01-01T00:00:00Z,,artist,painter,Cuba,female
Gladys Triana,1937-11-17T00:00:00Z,,artist,visual artist,Cuba,female
Gladys Triana,1934-01-01T00:00:00Z,,artist,visual artist,Cuba,female
Han Kang,1970-11-27T00:00:00Z,,South Korean writer,writer,South Korea,female
Han Kang,1970-11-27T00:00:00Z,,South Korean writer,poet,South Korea,female
Han Kang,1970-11-27T00:00:00Z,,South Korean writer,novelist,South Korea,female
Han Kang,1970-11-27T00:00:00Z,,South Korean writer,short story writer,South Korea,female
Hortensia Lamar,1888-01-01T00:00:00Z,1967-01-01T00:00:00Z,women's rights activist,suffragist,Cuba,female
Hortensia Lamar,1888-01-01T00:00:00Z,1967-01-01T00:00:00Z,women's rights activist,women's rights activist,Cuba,female
Iris Sanguesa,1933-03-03T00:00:00Z,,"Chilean composer, pianist and teacher",composer,Chile,female
Isabel Allende,1942-08-02T00:00:00Z,,Chilean writer,novelist,United States,female
Isabel Allende,1942-08-02T00:00:00Z,,Chilean writer,novelist,Chile,female
Luisa Moreno,1907-08-30T00:00:00Z,1992-11-04T00:00:00Z,Guatemalan activist,activist,United States,female
Luisa Moreno,1907-08-30T00:00:00Z,1992-11-04T00:00:00Z,Guatemalan activist,trade unionist,United States,female
Little Red Riding Hood,,,Disney character,,,female
Margarita Abella Caprile,1901-08-05T00:00:00Z,1960-10-28T00:00:00Z,Argentine writer (1901-1960),writer,Argentina,female
Margarita Abella Caprile,1901-08-05T00:00:00Z,1960-10-28T00:00:00Z,Argentine writer (1901-1960),poet,Argentina,female
Margarita Abella Caprile,1901-08-05T00:00:00Z,1960-10-28T00:00:00Z,Argentine writer (1901-1960),journalist,Argentina,female
Lenka Franulic,1908-01-01T00:00:00Z,1961-01-01T00:00:00Z,Chilean journalist (1908–1961),translator,Chile,female
Lenka Franulic,1908-01-01T00:00:00Z,1961-01-01T00:00:00Z,Chilean journalist (1908–1961),journalist,Chile,female
Little Red Riding Hood,,,character from the fairy tale Little Red Riding Hood,,,female
Nelly Sachs,1891-12-10T00:00:00Z,1970-05-12T00:00:00Z,Jewish German poet and playwright,writer,Sweden,female
Nelly Sachs,1891-12-10T00:00:00Z,1970-05-12T00:00:00Z,Jewish German poet and playwright,poet,Sweden,female
Nelly Sachs,1891-12-10T00:00:00Z,1970-05-12T00:00:00Z,Jewish German poet and playwright,playwright,Sweden,female
Nelly Sachs,1891-12-10T00:00:00Z,1970-05-12T00:00:00Z,Jewish German poet and playwright,translator,Sweden,female
Nelly Sachs,1891-12-10T00:00:00Z,1970-05-12T00:00:00Z,Jewish German poet and playwright,writer,Germany,female
Nelly Sachs,1891-12-10T00:00:00Z,1970-05-12T00:00:00Z,Jewish German poet and playwright,poet,Germany,female
Nelly Sachs,1891-12-10T00:00:00Z,1970-05-12T00:00:00Z,Jewish German poet and playwright,playwright,Germany,female
Nelly Sachs,1891-12-10T00:00:00Z,1970-05-12T00:00:00Z,Jewish German poet and playwright,translator,Germany,female
Nadine Gordimer,1923-11-20T00:00:00Z,2014-07-13T00:00:00Z,South African writer (1923–2014),writer,South Africa,female
Nadine Gordimer,1923-11-20T00:00:00Z,2014-07-13T00:00:00Z,South African writer (1923–2014),poet,South Africa,female
Nadine Gordimer,1923-11-20T00:00:00Z,2014-07-13T00:00:00Z,South African writer (1923–2014),playwright,South Africa,female
Nadine Gordimer,1923-11-20T00:00:00Z,2014-07-13T00:00:00Z,South African writer (1923–2014),scientific editor,South Africa,female
Nadine Gordimer,1923-11-20T00:00:00Z,2014-07-13T00:00:00Z,South African writer (1923–2014),novelist,South Africa,female
Nadine Gordimer,1923-11-20T00:00:00Z,2014-07-13T00:00:00Z,South African writer (1923–2014),prose writer,South Africa,female
Nadine Gordimer,1923-11-20T00:00:00Z,2014-07-13T00:00:00Z,South African writer (1923–2014),short story writer,South Africa,female
Marta Colvin,1907-06-22T00:00:00Z,1995-10-27T00:00:00Z,Chilean sculptor (1907-1995),painter,Chile,female
Marta Colvin,1907-06-22T00:00:00Z,1995-10-27T00:00:00Z,Chilean sculptor (1907-1995),sculptor,Chile,female
Marta Brunet,1897-08-09T00:00:00Z,1967-10-27T00:00:00Z,Chilean writer (1897–1967),writer,Chile,female
Marta Brunet,1897-08-09T00:00:00Z,1967-10-27T00:00:00Z,Chilean writer (1897–1967),diplomat,Chile,female
Marta Brunet,1897-08-09T00:00:00Z,1967-10-27T00:00:00Z,Chilean writer (1897–1967),novelist,Chile,female
Maruja Mallo,1902-01-05T00:00:00Z,1995-02-06T00:00:00Z,Spanish artist; surrealist painter (1902-1995),teacher,Spain,female
Maruja Mallo,1902-01-05T00:00:00Z,1995-02-06T00:00:00Z,Spanish artist; surrealist painter (1902-1995),painter,Spain,female
Maruja Mallo,1902-01-05T00:00:00Z,1995-02-06T00:00:00Z,Spanish artist; surrealist painter (1902-1995),theatre designer,Spain,female
Maruja Mallo,1902-01-05T00:00:00Z,1995-02-06T00:00:00Z,Spanish artist; surrealist painter (1902-1995),draftsperson,Spain,female
Martha Salotti,1899-04-10T00:00:00Z,1980-10-26T00:00:00Z,Argentinian writer (1899-1980),writer,Argentina,female
Martha Salotti,1899-04-10T00:00:00Z,1980-10-26T00:00:00Z,Argentinian writer (1899-1980),educator,Argentina,female
Martha Salotti,1899-04-10T00:00:00Z,1980-10-26T00:00:00Z,Argentinian writer (1899-1980),pedagogue,Argentina,female
Marilyn Bobes,1955-01-01T00:00:00Z,,Cuban writer,writer,Cuba,female
Marilyn Bobes,1955-01-01T00:00:00Z,,Cuban writer,poet,Cuba,female
Marilyn Bobes,1955-01-01T00:00:00Z,,Cuban writer,journalist,Cuba,female
Natalia Aszkenazy,1915-06-05T00:00:00Z,1988-01-01T00:00:00Z,Polish diplomat and writer,writer,Poland,female
Natalia Aszkenazy,1915-06-05T00:00:00Z,1988-01-01T00:00:00Z,Polish diplomat and writer,diplomat,Poland,female
Marina Latorre,1682-11-10T00:00:00Z,,1682-11-10,,,female
Marina Latorre,1925-08-14T00:00:00Z,,"Chilean writer, journalist and gallerist",writer,Chile,female
Marina Latorre,1925-08-14T00:00:00Z,,"Chilean writer, journalist and gallerist",journalist,Chile,female
Marina Latorre,1925-08-14T00:00:00Z,,"Chilean writer, journalist and gallerist",gallerist,Chile,female
Olga Tokarczuk,1962-01-29T00:00:00Z,,Polish writer and activist,screenwriter,Poland,female
Olga Tokarczuk,1962-01-29T00:00:00Z,,Polish writer and activist,writer,Poland,female
Olga Tokarczuk,1962-01-29T00:00:00Z,,Polish writer and activist,poet,Poland,female
Olga Tokarczuk,1962-01-29T00:00:00Z,,Polish writer and activist,psychologist,Poland,female
Olga Tokarczuk,1962-01-29T00:00:00Z,,Polish writer and activist,donor,Poland,female
Olga Tokarczuk,1962-01-29T00:00:00Z,,Polish writer and activist,publisher,Poland,female
Olga Tokarczuk,1962-01-29T00:00:00Z,,Polish writer and activist,novelist,Poland,female
Olga Tokarczuk,1962-01-29T00:00:00Z,,Polish writer and activist,librettist,Poland,female
Pita Amor,1918-05-30T00:00:00Z,2000-05-08T00:00:00Z,Mexican poet (1918-2000),writer,Mexico,female
Pita Amor,1918-05-30T00:00:00Z,2000-05-08T00:00:00Z,Mexican poet (1918-2000),poet,Mexico,female
Rita Kuczynski,1944-02-25T00:00:00Z,,German journalist,university teacher,Germany,female
Rita Kuczynski,1944-02-25T00:00:00Z,,German journalist,journalist,Germany,female
Rita Kuczynski,1944-02-25T00:00:00Z,,German journalist,university teacher,German Democratic Republic,female
Rita Kuczynski,1944-02-25T00:00:00Z,,German journalist,journalist,German Democratic Republic,female
Solange Lackington,1962-12-07T00:00:00Z,,Chilean actress,actor,Chile,female
Sigrid Undset,1882-05-20T00:00:00Z,1949-06-10T00:00:00Z,Norwegian writer (1882–1949),screenwriter,Norway,female
Sigrid Undset,1882-05-20T00:00:00Z,1949-06-10T00:00:00Z,Norwegian writer (1882–1949),writer,Norway,female
Sigrid Undset,1882-05-20T00:00:00Z,1949-06-10T00:00:00Z,Norwegian writer (1882–1949),poet,Norway,female
Sigrid Undset,1882-05-20T00:00:00Z,1949-06-10T00:00:00Z,Norwegian writer (1882–1949),translator,Norway,female
Sigrid Undset,1882-05-20T00:00:00Z,1949-06-10T00:00:00Z,Norwegian writer (1882–1949),novelist,Norway,female
Sigrid Undset,1882-05-20T00:00:00Z,1949-06-10T00:00:00Z,Norwegian writer (1882–1949),prose writer,Norway,female
Rosario Castellanos,1925-05-25T00:00:00Z,1974-08-07T00:00:00Z,Mexican writer (1925-1974),screenwriter,Mexico,female
Rosario Castellanos,1925-05-25T00:00:00Z,1974-08-07T00:00:00Z,Mexican writer (1925-1974),writer,Mexico,female
Rosario Castellanos,1925-05-25T00:00:00Z,1974-08-07T00:00:00Z,Mexican writer (1925-1974),poet,Mexico,female
Rosario Castellanos,1925-05-25T00:00:00Z,1974-08-07T00:00:00Z,Mexican writer (1925-1974),diplomat,Mexico,female
Rosario Castellanos,1925-05-25T00:00:00Z,1974-08-07T00:00:00Z,Mexican writer (1925-1974),playwright,Mexico,female
Rosario Castellanos,1925-05-25T00:00:00Z,1974-08-07T00:00:00Z,Mexican writer (1925-1974),university teacher,Mexico,female
Rosario Castellanos,1925-05-25T00:00:00Z,1974-08-07T00:00:00Z,Mexican writer (1925-1974),journalist,Mexico,female
Rosario Castellanos,1925-05-25T00:00:00Z,1974-08-07T00:00:00Z,Mexican writer (1925-1974),literary scholar,Mexico,female
Rhina Espaillat,1932-01-20T00:00:00Z,,American poet,writer,United States,female
Rhina Espaillat,1932-01-20T00:00:00Z,,American poet,poet,United States,female
Rhina Espaillat,1932-01-20T00:00:00Z,,American poet,translator,United States,female
Rhina Espaillat,1932-01-20T00:00:00Z,,American poet,writer,Dominican Republic,female
Rhina Espaillat,1932-01-20T00:00:00Z,,American poet,poet,Dominican Republic,female
Rhina Espaillat,1932-01-20T00:00:00Z,,American poet,translator,Dominican Republic,female
Sara Braun,1862-12-17T00:00:00Z,1955-04-22T00:00:00Z,Latvian-Chilean businesswoman and entrepreneur,businessperson,Chile,female
Sara Braun,1862-12-17T00:00:00Z,1955-04-22T00:00:00Z,Latvian-Chilean businesswoman and entrepreneur,businessperson,Russian Empire,female
Raquel Olea,1944-05-07T00:00:00Z,,"Chilean writer, professor, cultural critic, researcher (*1944)",writer,Chile,female
Raquel Olea,1944-05-07T00:00:00Z,,"Chilean writer, professor, cultural critic, researcher (*1944)",professor,Chile,female
Raquel Olea,1944-05-07T00:00:00Z,,"Chilean writer, professor, cultural critic, researcher (*1944)",researcher,Chile,female
Raquel Olea,1944-05-07T00:00:00Z,,"Chilean writer, professor, cultural critic, researcher (*1944)",cultural critic,Chile,female
Sylvia Plath,1932-10-27T00:00:00Z,1963-02-11T00:00:00Z,American poet and writer (1932–1963),writer,United States,female
Sylvia Plath,1932-10-27T00:00:00Z,1963-02-11T00:00:00Z,American poet and writer (1932–1963),poet,United States,female
Sylvia Plath,1932-10-27T00:00:00Z,1963-02-11T00:00:00Z,American poet and writer (1932–1963),children's writer,United States,female
Sylvia Plath,1932-10-27T00:00:00Z,1963-02-11T00:00:00Z,American poet and writer (1932–1963),novelist,United States,female
Sylvia Plath,1932-10-27T00:00:00Z,1963-02-11T00:00:00Z,American poet and writer (1932–1963),essayist,United States,female
Sylvia Plath,1932-10-27T00:00:00Z,1963-02-11T00:00:00Z,American poet and writer (1932–1963),autobiographer,United States,female
Sylvia Plath,1932-10-27T00:00:00Z,1963-02-11T00:00:00Z,American poet and writer (1932–1963),diarist,United States,female
Toni Morrison,1931-02-18T00:00:00Z,2019-08-05T00:00:00Z,"African American novelist, essayist, and academic (1931–2019)",writer,United States,female
Toni Morrison,1931-02-18T00:00:00Z,2019-08-05T00:00:00Z,"African American novelist, essayist, and academic (1931–2019)",poet,United States,female
Toni Morrison,1931-02-18T00:00:00Z,2019-08-05T00:00:00Z,"African American novelist, essayist, and academic (1931–2019)",editing staff,United States,female
Toni Morrison,1931-02-18T00:00:00Z,2019-08-05T00:00:00Z,"African American novelist, essayist, and academic (1931–2019)",university teacher,United States,female
Toni Morrison,1931-02-18T00:00:00Z,2019-08-05T00:00:00Z,"African American novelist, essayist, and academic (1931–2019)",children's writer,United States,female
Toni Morrison,1931-02-18T00:00:00Z,2019-08-05T00:00:00Z,"African American novelist, essayist, and academic (1931–2019)",novelist,United States,female
Toni Morrison,1931-02-18T00:00:00Z,2019-08-05T00:00:00Z,"African American novelist, essayist, and academic (1931–2019)",librettist,United States,female
Toni Morrison,1931-02-18T00:00:00Z,2019-08-05T00:00:00Z,"African American novelist, essayist, and academic (1931–2019)",audiobook narrator,United States,female
Victoria Ocampo,1890-04-07T00:00:00Z,1979-01-27T00:00:00Z,Argentine writer and translator (1890-1979),writer,Argentina,female
Victoria Ocampo,1890-04-07T00:00:00Z,1979-01-27T00:00:00Z,Argentine writer and translator (1890-1979),translator,Argentina,female
Victoria Ocampo,1890-04-07T00:00:00Z,1979-01-27T00:00:00Z,Argentine writer and translator (1890-1979),public figure,Argentina,female
Victoria Ocampo,1890-04-07T00:00:00Z,1979-01-27T00:00:00Z,Argentine writer and translator (1890-1979),publisher,Argentina,female
Victoria Ocampo,1890-04-07T00:00:00Z,1979-01-27T00:00:00Z,Argentine writer and translator (1890-1979),critic,Argentina,female
Svetlana Alexievich,1948-05-31T00:00:00Z,,Belarusian investigative journalist and non-fiction prose writer,writer,Belarus,female
Svetlana Alexievich,1948-05-31T00:00:00Z,,Belarusian investigative journalist and non-fiction prose writer,journalist,Belarus,female
Svetlana Alexievich,1948-05-31T00:00:00Z,,Belarusian investigative journalist and non-fiction prose writer,writer,Soviet Union,female
Svetlana Alexievich,1948-05-31T00:00:00Z,,Belarusian investigative journalist and non-fiction prose writer,journalist,Soviet Union,female
Sylvia Soublette,1923-01-01T00:00:00Z,2020-01-29T00:00:00Z,Chilean composer (1923–2020),composer,Chile,female
Tina Escaja,1965-01-01T00:00:00Z,,Spanish-American writer (born 1965),writer,Spain,female
Tina Escaja,1965-01-01T00:00:00Z,,Spanish-American writer (born 1965),poet,Spain,female
Ximena Rivas,1963-08-12T00:00:00Z,,Chilean actor,actor,Chile,female
Yolanda Carenzo,1902-02-16T00:00:00Z,1968-11-20T00:00:00Z,Argentinian pianist (1902–1968),composer,Argentina,female
Yolanda Carenzo,1902-02-16T00:00:00Z,1968-11-20T00:00:00Z,Argentinian pianist (1902–1968),pianist,Argentina,female
